[
  {
    "value": "PVR: Citi Mall, Andheri (W)",
    "synonyms": [
      "PVR: Citi Mall, Andheri (W)"
    ]
  },
  {
    "value": "PVR: Dynamix, Juhu",
    "synonyms": [
      "PVR: Dynamix, Juhu"
    ]
  },
  {
    "value": "PVR: Goregaon (W)",
    "synonyms": [
      "PVR: Goregaon (W)"
    ]
  },
  {
    "value": "PVR ICON: Infiniti Andheri",
    "synonyms": [
      "PVR ICON: Infiniti Andheri"
    ]
  },
  {
    "value": "PVR: Market City, Kurla",
    "synonyms": [
      "PVR: Market City, Kurla"
    ]
  }
]