[
  {
    "value": "action",
    "synonyms": [
      "action"
    ]
  },
  {
    "value": "scifi",
    "synonyms": [
      "scifi",
      "sci-fi"
    ]
  },
  {
    "value": "comedy",
    "synonyms": [
      "comedy"
    ]
  },
  {
    "value": "drama",
    "synonyms": [
      "drama"
    ]
  },
  {
    "value": "romance",
    "synonyms": [
      "romance",
      "romantic"
    ]
  },
  {
    "value": "suspense",
    "synonyms": [
      "suspense"
    ]
  },
  {
    "value": "thriller",
    "synonyms": [
      "thriller"
    ]
  },
  {
    "value": "crime",
    "synonyms": [
      "crime"
    ]
  },
  {
    "value": "horror",
    "synonyms": [
      "horror"
    ]
  }
]