[
  {
    "value": "Tenet",
    "synonyms": [
      "Tenet",
      "t-net",
      "t net"
    ]
  },
  {
    "value": "Wonder Women",
    "synonyms": [
      "Wonder Women",
      "Wonder Women 1984",
      "WW84"
    ]
  },
  {
    "value": "URI",
    "synonyms": [
      "URI",
      "URI: The Surgical Strike",
      "uri"
    ]
  },
  {
    "value": "Sivaji-The Boss (Tamil)",
    "synonyms": [
      "Sivaji-The Boss (Tamil)",
      "Sivaji-The Boss (T)"
    ]
  },
  {
    "value": "Khalnayak",
    "synonyms": [
      "Khalnayak"
    ]
  },
  {
    "value": "Once Upon A Time In Mumbaai",
    "synonyms": [
      "Once Upon A Time In Mumbaai",
      "Once Upon A Time In Mumbai"
    ]
  },
  {
    "value": "Captain Phillips",
    "synonyms": [
      "Captain Phillips"
    ]
  },
  {
    "value": "Avengers",
    "synonyms": [
      "Avengers",
      "The Avengers"
    ]
  },
  {
    "value": "Goliyon Ki Raasleela Ram-Leela",
    "synonyms": [
      "Goliyon Ki Raasleela Ram-Leela",
      "Ram Leela",
      "Ram-Leela"
    ]
  }
]