[
  {
    "id": "118c9022-9316-419d-8d11-6887aedcded5",
    "data": [
      {
        "text": "web series",
        "meta": "@Choice",
        "alias": "choice",
        "userDefined": true
      }
    ],
    "isTemplate": false,
    "count": 0,
    "lang": "en",
    "updated": 0
  },
  {
    "id": "e178d2de-184f-4749-bf50-544e59785f28",
    "data": [
      {
        "text": "movie",
        "meta": "@Choice",
        "alias": "choice",
        "userDefined": true
      }
    ],
    "isTemplate": false,
    "count": 0,
    "lang": "en",
    "updated": 0
  }
]