[
  {
    "id": "8b047988-b3e1-4b0b-808d-adccf35feef9",
    "data": [
      {
        "text": "Avengers",
        "meta": "@Movies",
        "alias": "movie",
        "userDefined": true
      }
    ],
    "isTemplate": false,
    "count": 0,
    "lang": "en",
    "updated": 0
  },
  {
    "id": "44867cf4-0fdc-46e5-9d1d-f61e0f1961cb",
    "data": [
      {
        "text": "i am interested in movie ",
        "userDefined": false
      },
      {
        "text": "taken",
        "meta": "@Movies",
        "alias": "movie",
        "userDefined": true
      }
    ],
    "isTemplate": false,
    "count": 0,
    "lang": "en",
    "updated": 0
  },
  {
    "id": "76ee17cd-9e11-4468-9ce2-d249c96d7642",
    "data": [
      {
        "text": "i want to book movie name ",
        "userDefined": false
      },
      {
        "text": "badlapur",
        "meta": "@Movies",
        "alias": "movie",
        "userDefined": true
      }
    ],
    "isTemplate": false,
    "count": 0,
    "lang": "en",
    "updated": 0
  },
  {
    "id": "8d21e884-ffa4-440b-aeb4-42cebb542103",
    "data": [
      {
        "text": "I want to book ",
        "userDefined": false
      },
      {
        "text": "Tenet",
        "meta": "@Movies",
        "alias": "movie",
        "userDefined": true
      }
    ],
    "isTemplate": false,
    "count": 0,
    "lang": "en",
    "updated": 0
  }
]