[
  {
    "id": "4880e9df-5b9b-4641-9d47-dec3cab1a3e8",
    "data": [
      {
        "text": "horror",
        "meta": "@Genres",
        "alias": "genre",
        "userDefined": false
      }
    ],
    "isTemplate": false,
    "count": 0,
    "lang": "en",
    "updated": 0
  },
  {
    "id": "c548dfa2-ec80-4f1a-80cf-d9e1816969bd",
    "data": [
      {
        "text": "thriller",
        "meta": "@Genres",
        "alias": "genre",
        "userDefined": false
      }
    ],
    "isTemplate": false,
    "count": 0,
    "lang": "en",
    "updated": 0
  },
  {
    "id": "a79c9d24-aa61-4788-bfae-13e1849ae2bd",
    "data": [
      {
        "text": "suspense",
        "meta": "@Genres",
        "alias": "genre",
        "userDefined": false
      }
    ],
    "isTemplate": false,
    "count": 0,
    "lang": "en",
    "updated": 0
  },
  {
    "id": "5469b1a8-c54a-4759-be3b-d26c899206ed",
    "data": [
      {
        "text": "romance",
        "meta": "@Genres",
        "alias": "genre",
        "userDefined": false
      }
    ],
    "isTemplate": false,
    "count": 0,
    "lang": "en",
    "updated": 0
  },
  {
    "id": "a88e3543-5230-4374-9f6a-41631f302ebf",
    "data": [
      {
        "text": "drama",
        "meta": "@Genres",
        "alias": "genre",
        "userDefined": false
      }
    ],
    "isTemplate": false,
    "count": 0,
    "lang": "en",
    "updated": 0
  },
  {
    "id": "d97a2bc1-652a-4170-a729-46640131162c",
    "data": [
      {
        "text": "crime",
        "meta": "@Genres",
        "alias": "genre",
        "userDefined": false
      }
    ],
    "isTemplate": false,
    "count": 0,
    "lang": "en",
    "updated": 0
  },
  {
    "id": "c1174064-3bff-48b8-83b6-71d27c73582a",
    "data": [
      {
        "text": "action",
        "meta": "@Genres",
        "alias": "genre",
        "userDefined": false
      }
    ],
    "isTemplate": false,
    "count": 0,
    "lang": "en",
    "updated": 0
  }
]