[
  {
    "id": "691d1e0e-fc13-4db6-9da9-8b13cda8c7db",
    "data": [
      {
        "text": "asur",
        "meta": "@sys.any",
        "alias": "webseries",
        "userDefined": true
      },
      {
        "text": " it is",
        "userDefined": false
      }
    ],
    "isTemplate": false,
    "count": 0,
    "lang": "en",
    "updated": 0
  },
  {
    "id": "d109356c-7aa4-4c59-8c99-24c582820253",
    "data": [
      {
        "text": "Mirzapur",
        "meta": "@sys.any",
        "alias": "webseries",
        "userDefined": true
      }
    ],
    "isTemplate": false,
    "count": 0,
    "lang": "en",
    "updated": 0
  }
]